{
    "PSNR": 23.91689473437257,
    "SSIM": 0.8215878818778677,
    "loss": 325.8279113769531
}