{
    "PSNR": 23.72003868928394,
    "SSIM": 0.8224418411139147,
    "loss": 331.9154052734375
}