{
    "PSNR": 24.303518366353124,
    "SSIM": 0.832161032178061,
    "loss": 311.3296813964844
}