{
    "PSNR": 27.021252527948334,
    "SSIM": 0.8403477423457795,
    "mse_loss": 187.1328353881836
}