{
    "PSNR": 27.77926085957624,
    "SSIM": 0.8378912949222699,
    "loss": 178.20665740966797
}