{
    "PSNR": 26.270796379677368,
    "SSIM": 0.8393074529300888,
    "mse_loss": 203.61505889892578
}