{
    "PSNR": 27.720064097555085,
    "SSIM": 0.8381034400490925,
    "loss": 178.7121810913086
}