{
    "PSNR": 27.912133103011556,
    "SSIM": 0.8401458801988229,
    "loss": 173.28435417175294
}