{
    "PSNR": 26.344014630185807,
    "SSIM": 0.842376209448358,
    "loss": 206.69544982910156
}