{
    "PSNR": 27.954054909164412,
    "SSIM": 0.8408230822774185,
    "loss": 171.084609375
}