{
    "PSNR": 27.947724975514276,
    "SSIM": 0.8407051088703739,
    "loss": 171.63099002838135
}