{
    "PSNR": 24.827360236278874,
    "SSIM": 0.8258104553311114,
    "loss": 264.3108825683594
}