{
    "PSNR": 25.485230355550488,
    "SSIM": 0.8400181670636775,
    "loss": 228.2649688720703
}