{
    "PSNR": 25.697423694540326,
    "SSIM": 0.8400595441101585,
    "loss": 220.52163696289062
}