{
    "PSNR": 27.73226406100821,
    "SSIM": 0.8392368334385497,
    "loss": 175.6594696044922
}