{
    "PSNR": 27.91613798444068,
    "SSIM": 0.8401642657227524,
    "loss": 172.80186882019044
}